Panel,UniprotID
CARDIOMETABOLIC,O00533
CARDIOMETABOLIC,O14786
CARDIOMETABOLIC,O15031
CARDIOMETABOLIC,O75015
CARDIOMETABOLIC,O75023
CARDIOMETABOLIC,O95445
CARDIOMETABOLIC,P00441
CARDIOMETABOLIC,P00915
CARDIOMETABOLIC,P01033
CARDIOMETABOLIC,P01034
CARDIOMETABOLIC,P03950
CARDIOMETABOLIC,P03951
CARDIOMETABOLIC,P04070
CARDIOMETABOLIC,P05154
CARDIOMETABOLIC,P05362
CARDIOMETABOLIC,P05451
CARDIOMETABOLIC,P05543
CARDIOMETABOLIC,P06681
CARDIOMETABOLIC,P07359
CARDIOMETABOLIC,P07451
CARDIOMETABOLIC,P07478
CARDIOMETABOLIC,P07911
CARDIOMETABOLIC,P08581
CARDIOMETABOLIC,P08709
CARDIOMETABOLIC,P10721
CARDIOMETABOLIC,P11215
CARDIOMETABOLIC,P11226
CARDIOMETABOLIC,P12318
CARDIOMETABOLIC,P12830
CARDIOMETABOLIC,P13501
CARDIOMETABOLIC,P13591
CARDIOMETABOLIC,P13987
CARDIOMETABOLIC,P14151
CARDIOMETABOLIC,P14543
CARDIOMETABOLIC,P15529
CARDIOMETABOLIC,P15907
CARDIOMETABOLIC,P16871
CARDIOMETABOLIC,P17813
CARDIOMETABOLIC,P17936
CARDIOMETABOLIC,P19021
CARDIOMETABOLIC,P19320
CARDIOMETABOLIC,P20023
CARDIOMETABOLIC,P20062
CARDIOMETABOLIC,P22105
CARDIOMETABOLIC,P22748
CARDIOMETABOLIC,P22749
CARDIOMETABOLIC,P23141
CARDIOMETABOLIC,P24592
CARDIOMETABOLIC,P24821
CARDIOMETABOLIC,P27487
CARDIOMETABOLIC,P32942
CARDIOMETABOLIC,P35443
CARDIOMETABOLIC,P35542
CARDIOMETABOLIC,P35590
CARDIOMETABOLIC,P39060
CARDIOMETABOLIC,P42785
CARDIOMETABOLIC,P46531
CARDIOMETABOLIC,P49747
CARDIOMETABOLIC,P55058
CARDIOMETABOLIC,P55774
CARDIOMETABOLIC,P59665
CARDIOMETABOLIC,P80188
CARDIOMETABOLIC,Q03167
CARDIOMETABOLIC,Q06141
CARDIOMETABOLIC,Q12805
CARDIOMETABOLIC,Q12884
CARDIOMETABOLIC,Q13093
CARDIOMETABOLIC,Q13332
CARDIOMETABOLIC,Q13361
CARDIOMETABOLIC,Q14393
CARDIOMETABOLIC,Q14515
CARDIOMETABOLIC,Q14767
CARDIOMETABOLIC,Q15113
CARDIOMETABOLIC,Q15485
CARDIOMETABOLIC,Q15582
CARDIOMETABOLIC,Q16627
CARDIOMETABOLIC,Q16769
CARDIOMETABOLIC,Q16853
CARDIOMETABOLIC,Q6EMK4
CARDIOMETABOLIC,Q8N423
CARDIOMETABOLIC,Q8NHL6
CARDIOMETABOLIC,Q96H15
CARDIOMETABOLIC,Q96KN2
CARDIOMETABOLIC,Q99650
CARDIOMETABOLIC,Q9BXJ1
CARDIOMETABOLIC,Q9BXR6
CARDIOMETABOLIC,Q9H1U4
CARDIOMETABOLIC,Q9NQ79
CARDIOMETABOLIC,Q9UGM5
CARDIOMETABOLIC,Q9Y5C1
CARDIOMETABOLIC,Q9Y5Y7
CARDIOVASCULAR II,P22004
CARDIOVASCULAR II,Q15389
CARDIOVASCULAR II,P35318
CARDIOVASCULAR II,P29965
CARDIOVASCULAR II,Q9NQ25
CARDIOVASCULAR II,P49763
CARDIOVASCULAR II,Q76LX8
CARDIOVASCULAR II,Q9BWV1
CARDIOVASCULAR II,P24394
CARDIOVASCULAR II,P12931
CARDIOVASCULAR II,P18510
CARDIOVASCULAR II,P05231
CARDIOVASCULAR II,O00220
CARDIOVASCULAR II,Q13043
CARDIOVASCULAR II,P35475
CARDIOVASCULAR II,Q9Y6Q6
CARDIOVASCULAR II,P25116
CARDIOVASCULAR II,O14763
CARDIOVASCULAR II,Q9BQR3
CARDIOVASCULAR II,Q02763
CARDIOVASCULAR II,P13726
CARDIOVASCULAR II,Q9HB29
CARDIOVASCULAR II,P01127
CARDIOVASCULAR II,Q8NEV9
CARDIOVASCULAR II,Q14213
CARDIOVASCULAR II,Q8TAD2
CARDIOVASCULAR II,P09341
CARDIOVASCULAR II,P78380
CARDIOVASCULAR II,O00182
CARDIOVASCULAR II,P27352
CARDIOVASCULAR II,P21583
CARDIOVASCULAR II,Q14116
CARDIOVASCULAR II,Q9NSA1
CARDIOVASCULAR II,P01833
CARDIOVASCULAR II,Q15109
CARDIOVASCULAR II,P04179
CARDIOVASCULAR II,Q99895
CARDIOVASCULAR II,Q9GZV9
CARDIOVASCULAR II,Q9BUD6
CARDIOVASCULAR II,P01241
CARDIOVASCULAR II,P19883
CARDIOVASCULAR II,Q04760
CARDIOVASCULAR II,Q9UIB8
CARDIOVASCULAR II,Q13219
CARDIOVASCULAR II,Q8IW75
CARDIOVASCULAR II,P00797
CARDIOVASCULAR II,Q16698
CARDIOVASCULAR II,Q12866
CARDIOVASCULAR II,Q96D42
CARDIOVASCULAR II,P35442
CARDIOVASCULAR II,P07204
CARDIOVASCULAR II,Q96IQ7
CARDIOVASCULAR II,P02760
CARDIOVASCULAR II,P51888
CARDIOVASCULAR II,P09601
CARDIOVASCULAR II,P47992
CARDIOVASCULAR II,Q14005
CARDIOVASCULAR II,Q99523
CARDIOVASCULAR II,P31997
CARDIOVASCULAR II,P26022
CARDIOVASCULAR II,Q14242
CARDIOVASCULAR II,Q92583
CARDIOVASCULAR II,P10147
CARDIOVASCULAR II,P09237
CARDIOVASCULAR II,P31994
CARDIOVASCULAR II,Q9UKP3
CARDIOVASCULAR II,P07585
CARDIOVASCULAR II,O94907
CARDIOVASCULAR II,P06858
CARDIOVASCULAR II,Q16651
CARDIOVASCULAR II,O00253
CARDIOVASCULAR II,Q99075
CARDIOVASCULAR II,Q9UK05
CARDIOVASCULAR II,P12104
CARDIOVASCULAR II,P40225
CARDIOVASCULAR II,Q9UEW3
CARDIOVASCULAR II,P51161
CARDIOVASCULAR II,P16860
CARDIOVASCULAR II,P39900
CARDIOVASCULAR II,Q9BYF1
CARDIOVASCULAR II,Q9BQ51
CARDIOVASCULAR II,P07711
CARDIOVASCULAR II,Q8IYS5
CARDIOVASCULAR II,O14836
CARDIOVASCULAR II,P21980
CARDIOVASCULAR II,P41159
CARDIOVASCULAR II,P35218
CARDIOVASCULAR II,P04792
CARDIOVASCULAR II,P01730
CARDIOVASCULAR II,Q9Y6K9
CARDIOVASCULAR II,O43915
CARDIOVASCULAR II,P09874
CARDIOVASCULAR II,Q9UJM8
CARDIOVASCULAR III,Q9NQ76
CARDIOVASCULAR III,Q92956
CARDIOVASCULAR III,P01130
CARDIOVASCULAR III,P05107
CARDIOVASCULAR III,Q96F46
CARDIOVASCULAR III,P20333
CARDIOVASCULAR III,P14780
CARDIOVASCULAR III,P54760
CARDIOVASCULAR III,P01589
CARDIOVASCULAR III,O00300
CARDIOVASCULAR III,Q13740
CARDIOVASCULAR III,Q07654
CARDIOVASCULAR III,P16109
CARDIOVASCULAR III,P04080
CARDIOVASCULAR III,P13500
CARDIOVASCULAR III,Q86VB7
CARDIOVASCULAR III,P17931
CARDIOVASCULAR III,P28799
CARDIOVASCULAR III,Q13867
CARDIOVASCULAR III,P98160
CARDIOVASCULAR III,P36941
CARDIOVASCULAR III,Q9UM47
CARDIOVASCULAR III,Q99727
CARDIOVASCULAR III,Q12860
CARDIOVASCULAR III,P33151
CARDIOVASCULAR III,Q5T2D2
CARDIOVASCULAR III,P15090
CARDIOVASCULAR III,P10646
CARDIOVASCULAR III,P05121
CARDIOVASCULAR III,O00175
CARDIOVASCULAR III,P02786
CARDIOVASCULAR III,O14798
CARDIOVASCULAR III,Q99988
CARDIOVASCULAR III,P16581
CARDIOVASCULAR III,P20160
CARDIOVASCULAR III,P80370
CARDIOVASCULAR III,Q9HCB6
CARDIOVASCULAR III,P05164
CARDIOVASCULAR III,Q9H2A7
CARDIOVASCULAR III,P08887
CARDIOVASCULAR III,Q9HD89
CARDIOVASCULAR III,P08833
CARDIOVASCULAR III,Q13231
CARDIOVASCULAR III,P13686
CARDIOVASCULAR III,P35247
CARDIOVASCULAR III,P19957
CARDIOVASCULAR III,P16422
CARDIOVASCULAR III,P15144
CARDIOVASCULAR III,P30530
CARDIOVASCULAR III,P14778
CARDIOVASCULAR III,P08253
CARDIOVASCULAR III,P25445
CARDIOVASCULAR III,P02144
CARDIOVASCULAR III,Q9Y275
CARDIOVASCULAR III,P24158
CARDIOVASCULAR III,Q8NBP7
CARDIOVASCULAR III,Q03405
CARDIOVASCULAR III,P10451
CARDIOVASCULAR III,P07339
CARDIOVASCULAR III,O75594
CARDIOVASCULAR III,P15085
CARDIOVASCULAR III,Q9Y624
CARDIOVASCULAR III,P56470
CARDIOVASCULAR III,P27930
CARDIOVASCULAR III,P78324
CARDIOVASCULAR III,Q16663
CARDIOVASCULAR III,P42574
CARDIOVASCULAR III,P00749
CARDIOVASCULAR III,P15086
CARDIOVASCULAR III,P36222
CARDIOVASCULAR III,Q01638
CARDIOVASCULAR III,P00750
CARDIOVASCULAR III,Q96PL1
CARDIOVASCULAR III,P00533
CARDIOVASCULAR III,Q16270
CARDIOVASCULAR III,Q9NPY3
CARDIOVASCULAR III,O95998
CARDIOVASCULAR III,P02452
CARDIOVASCULAR III,Q15166
CARDIOVASCULAR III,Q9UBR2
CARDIOVASCULAR III,P08254
CARDIOVASCULAR III,Q99969
CARDIOVASCULAR III,P13598
CARDIOVASCULAR III,Q92876
CARDIOVASCULAR III,P04085
CARDIOVASCULAR III,P19438
CARDIOVASCULAR III,P18065
CARDIOVASCULAR III,P04275
CARDIOVASCULAR III,P16284
CARDIOVASCULAR III,O15467
CARDIOVASCULAR III,Q9HCN6
CELL REGULATION,A4D1B5
CELL REGULATION,O00220
CELL REGULATION,O00221
CELL REGULATION,O00451
CELL REGULATION,O14662
CELL REGULATION,O14904
CELL REGULATION,O14917
CELL REGULATION,O43186
CELL REGULATION,O43521
CELL REGULATION,O43699
CELL REGULATION,O43752
CELL REGULATION,O43915
CELL REGULATION,O60243
CELL REGULATION,O75054
CELL REGULATION,O75354
CELL REGULATION,O94760
CELL REGULATION,O95183
CELL REGULATION,O95644
CELL REGULATION,O95988
CELL REGULATION,O96013
CELL REGULATION,P01242
CELL REGULATION,P01275
CELL REGULATION,P02462
CELL REGULATION,P04637
CELL REGULATION,P05412
CELL REGULATION,P08237
CELL REGULATION,P09758
CELL REGULATION,P0CG37
CELL REGULATION,P11274
CELL REGULATION,P15848
CELL REGULATION,P16562
CELL REGULATION,P21810
CELL REGULATION,P22681
CELL REGULATION,P23515
CELL REGULATION,P25685
CELL REGULATION,P30041
CELL REGULATION,P47929
CELL REGULATION,P52564
CELL REGULATION,P57771
CELL REGULATION,P58294
CELL REGULATION,Q01543
CELL REGULATION,Q02742
CELL REGULATION,Q05516
CELL REGULATION,Q06520
CELL REGULATION,Q07960
CELL REGULATION,Q10471
CELL REGULATION,Q12912
CELL REGULATION,Q13105
CELL REGULATION,Q13561
CELL REGULATION,Q13576
CELL REGULATION,Q16653
CELL REGULATION,Q49AH0
CELL REGULATION,Q6UB28
CELL REGULATION,Q6UXD5
CELL REGULATION,Q6UXK5
CELL REGULATION,Q7Z5A7
CELL REGULATION,Q7Z5R6
CELL REGULATION,Q86SJ2
CELL REGULATION,Q86WV1
CELL REGULATION,Q8N2G4
CELL REGULATION,Q8N5S9
CELL REGULATION,Q8TD06
CELL REGULATION,Q8WYN0
CELL REGULATION,Q92558
CELL REGULATION,Q92982
CELL REGULATION,Q969V3
CELL REGULATION,Q96I82
CELL REGULATION,Q96LC7
CELL REGULATION,Q96PD2
CELL REGULATION,Q96PQ0
CELL REGULATION,Q96SM3
CELL REGULATION,Q9BQT9
CELL REGULATION,Q9BWV1
CELL REGULATION,Q9C0C4
CELL REGULATION,Q9H156
CELL REGULATION,Q9H5Y7
CELL REGULATION,Q9HCU5
CELL REGULATION,Q9NRM6
CELL REGULATION,Q9NS71
CELL REGULATION,Q9NSA1
CELL REGULATION,Q9NX58
CELL REGULATION,Q9NZ53
CELL REGULATION,Q9NZN5
CELL REGULATION,Q9P0V8
CELL REGULATION,Q9UBG0
CELL REGULATION,Q9UBM4
CELL REGULATION,Q9UK85
CELL REGULATION,Q9UKR0
CELL REGULATION,Q9UPY6
CELL REGULATION,Q9Y2W6
CELL REGULATION,Q9Y662
CELL REGULATION,Q9Y6A5
DEVELOPMENT,Q9UBX1
DEVELOPMENT,O00339
DEVELOPMENT,O43464
DEVELOPMENT,Q08431
DEVELOPMENT,Q9UKK9
DEVELOPMENT,P16112
DEVELOPMENT,P05556
DEVELOPMENT,Q9UBP4
DEVELOPMENT,O43291
DEVELOPMENT,P05067
DEVELOPMENT,Q8TDQ0
DEVELOPMENT,Q02487
DEVELOPMENT,P63313
DEVELOPMENT,Q9BY76
DEVELOPMENT,P55103
DEVELOPMENT,P00995
DEVELOPMENT,Q9Y240
DEVELOPMENT,P09619
DEVELOPMENT,O43405
DEVELOPMENT,Q96RD9
DEVELOPMENT,Q9UKJ1
DEVELOPMENT,P15291
DEVELOPMENT,Q6UXG3
DEVELOPMENT,Q99497
DEVELOPMENT,P30043
DEVELOPMENT,P47712
DEVELOPMENT,P04233
DEVELOPMENT,O00585
DEVELOPMENT,P10586
DEVELOPMENT,P50895
DEVELOPMENT,O00241
DEVELOPMENT,P11717
DEVELOPMENT,P07237
DEVELOPMENT,P04066
DEVELOPMENT,Q96AP7
DEVELOPMENT,Q10588
DEVELOPMENT,Q15828
DEVELOPMENT,Q99972
DEVELOPMENT,O95721
DEVELOPMENT,Q8TEU8
DEVELOPMENT,Q4KMG0
DEVELOPMENT,Q8N6Q3
DEVELOPMENT,Q14112
DEVELOPMENT,Q14118
DEVELOPMENT,P48960
DEVELOPMENT,P29350
DEVELOPMENT,Q6YHK3
DEVELOPMENT,Q9Y279
DEVELOPMENT,Q9NZV1
DEVELOPMENT,P01215
DEVELOPMENT,Q86T13
DEVELOPMENT,P23280
DEVELOPMENT,P14174
DEVELOPMENT,Q6UXH1
DEVELOPMENT,P08648
DEVELOPMENT,Q5VY43
DEVELOPMENT,Q14696
DEVELOPMENT,Q8TCZ2
DEVELOPMENT,Q14162
DEVELOPMENT,Q99538
DEVELOPMENT,O75326
DEVELOPMENT,Q5KU26
DEVELOPMENT,P08236
DEVELOPMENT,P31948
DEVELOPMENT,O43505
DEVELOPMENT,Q07108
DEVELOPMENT,P24387
DEVELOPMENT,P08118
DEVELOPMENT,O43278
DEVELOPMENT,O95633
DEVELOPMENT,P78552
DEVELOPMENT,P19256
DEVELOPMENT,Q96QR1
DEVELOPMENT,P48745
DEVELOPMENT,Q8IWV2
DEVELOPMENT,P00918
DEVELOPMENT,P55808
DEVELOPMENT,P15289
DEVELOPMENT,P23284
DEVELOPMENT,Q9NQ38
DEVELOPMENT,Q99983
DEVELOPMENT,P30086
DEVELOPMENT,Q6UXH9
DEVELOPMENT,Q9Y6N7
DEVELOPMENT,P06734
DEVELOPMENT,Q16363
DEVELOPMENT,Q6GTX8
DEVELOPMENT,Q969Z4
DEVELOPMENT,O14773
DEVELOPMENT,Q9NNX6
DEVELOPMENT,Q11128
DEVELOPMENT,P21217
DEVELOPMENT,Q13822
IMMUNE RESPONSE,Q96SB3
IMMUNE RESPONSE,P16278
IMMUNE RESPONSE,O75475
IMMUNE RESPONSE,Q05516
IMMUNE RESPONSE,Q9NWZ3
IMMUNE RESPONSE,Q15661
IMMUNE RESPONSE,P14317
IMMUNE RESPONSE,Q9UHC6
IMMUNE RESPONSE,Q6UXB4
IMMUNE RESPONSE,Q00978
IMMUNE RESPONSE,Q9UNE0
IMMUNE RESPONSE,P05231
IMMUNE RESPONSE,Q13574
IMMUNE RESPONSE,Q8WTT0
IMMUNE RESPONSE,P51617
IMMUNE RESPONSE,Q9UMR7
IMMUNE RESPONSE,Q06830
IMMUNE RESPONSE,P30048
IMMUNE RESPONSE,P09038
IMMUNE RESPONSE,P30044
IMMUNE RESPONSE,Q8N608
IMMUNE RESPONSE,Q9C035
IMMUNE RESPONSE,Q14203
IMMUNE RESPONSE,P23229
IMMUNE RESPONSE,Q15517
IMMUNE RESPONSE,Q14435
IMMUNE RESPONSE,Q96DB9
IMMUNE RESPONSE,Q12933
IMMUNE RESPONSE,P19474
IMMUNE RESPONSE,Q8NHJ6
IMMUNE RESPONSE,P34130
IMMUNE RESPONSE,P08727
IMMUNE RESPONSE,O43736
IMMUNE RESPONSE,P50135
IMMUNE RESPONSE,P51671
IMMUNE RESPONSE,Q7Z6M3
IMMUNE RESPONSE,Q9GZT9
IMMUNE RESPONSE,Q12968
IMMUNE RESPONSE,O60449
IMMUNE RESPONSE,P63241
IMMUNE RESPONSE,Q04637
IMMUNE RESPONSE,P10747
IMMUNE RESPONSE,Q03431
IMMUNE RESPONSE,Q13490
IMMUNE RESPONSE,P28845
IMMUNE RESPONSE,P35240
IMMUNE RESPONSE,Q9HCM2
IMMUNE RESPONSE,Q9UQQ2
IMMUNE RESPONSE,Q96P31
IMMUNE RESPONSE,Q07065
IMMUNE RESPONSE,P05412
IMMUNE RESPONSE,O94992
IMMUNE RESPONSE,Q8WXI8
IMMUNE RESPONSE,Q04759
IMMUNE RESPONSE,P16455
IMMUNE RESPONSE,Q9NP99
IMMUNE RESPONSE,P78310
IMMUNE RESPONSE,P22301
IMMUNE RESPONSE,P78362
IMMUNE RESPONSE,Q13241
IMMUNE RESPONSE,O14867
IMMUNE RESPONSE,Q6ZUJ8
IMMUNE RESPONSE,O43597
IMMUNE RESPONSE,P52823
IMMUNE RESPONSE,P27540
IMMUNE RESPONSE,P58499
IMMUNE RESPONSE,O60880
IMMUNE RESPONSE,Q05084
IMMUNE RESPONSE,O00273
IMMUNE RESPONSE,Q96PD2
IMMUNE RESPONSE,Q6DN72
IMMUNE RESPONSE,O76036
IMMUNE RESPONSE,P48061
IMMUNE RESPONSE,P15514
IMMUNE RESPONSE,Q8IU57
IMMUNE RESPONSE,Q9UN19
IMMUNE RESPONSE,Q9Y2J8
IMMUNE RESPONSE,Q9Y3P8
IMMUNE RESPONSE,P48740
IMMUNE RESPONSE,Q9UQV4
IMMUNE RESPONSE,Q9BXN2
IMMUNE RESPONSE,Q6EIG7
IMMUNE RESPONSE,O95786
IMMUNE RESPONSE,P42701
IMMUNE RESPONSE,Q92844
IMMUNE RESPONSE,Q9UKX5
IMMUNE RESPONSE,P52294
IMMUNE RESPONSE,P18627
IMMUNE RESPONSE,P05113
IMMUNE RESPONSE,Q01151
IMMUNE RESPONSE,P18564
IMMUNE RESPONSE,P78410
INFLAMMATION,P10145
INFLAMMATION,P15692
INFLAMMATION,P80098
INFLAMMATION,P39905
INFLAMMATION,Q9H5V8
INFLAMMATION,Q9BZW8
INFLAMMATION,P13232
INFLAMMATION,O00300
INFLAMMATION,P01137
INFLAMMATION,P00749
INFLAMMATION,P05231
INFLAMMATION,Q9P0M4
INFLAMMATION,P13500
INFLAMMATION,Q16552
INFLAMMATION,O14625
INFLAMMATION,O15169
INFLAMMATION,P50591
INFLAMMATION,Q9UHF4
INFLAMMATION,Q07325
INFLAMMATION,P28325
INFLAMMATION,P14784
INFLAMMATION,P01583
INFLAMMATION,P13725
INFLAMMATION,P60568
INFLAMMATION,P09341
INFLAMMATION,Q969D9
INFLAMMATION,P13236
INFLAMMATION,Q8WWJ7
INFLAMMATION,P21583
INFLAMMATION,Q14116
INFLAMMATION,Q13291
INFLAMMATION,P01135
INFLAMMATION,Q99616
INFLAMMATION,P51671
INFLAMMATION,O43557
INFLAMMATION,Q9GZV9
INFLAMMATION,Q13651
INFLAMMATION,Q8NF90
INFLAMMATION,P03956
INFLAMMATION,P42702
INFLAMMATION,Q9NSA1
INFLAMMATION,Q99731
INFLAMMATION,Q13261
INFLAMMATION,Q08334
INFLAMMATION,Q8N6P7
INFLAMMATION,Q13478
INFLAMMATION,Q9NZQ7
INFLAMMATION,P01138
INFLAMMATION,P42830
INFLAMMATION,O14788
INFLAMMATION,P14210
INFLAMMATION,P29460
INFLAMMATION,Q13007
INFLAMMATION,P35225
INFLAMMATION,Q5T4W7
INFLAMMATION,P09238
INFLAMMATION,P22301
INFLAMMATION,P01375
INFLAMMATION,P55773
INFLAMMATION,P06127
INFLAMMATION,P10147
INFLAMMATION,P49771
INFLAMMATION,P80162
INFLAMMATION,P02778
INFLAMMATION,Q13541
INFLAMMATION,Q9NYY1
INFLAMMATION,Q8IXJ6
INFLAMMATION,Q9NRJ3
INFLAMMATION,P80511
INFLAMMATION,P25942
INFLAMMATION,O95760
INFLAMMATION,P01579
INFLAMMATION,O95750
INFLAMMATION,P05112
INFLAMMATION,P15018
INFLAMMATION,Q99748
INFLAMMATION,P80075
INFLAMMATION,Q14790
INFLAMMATION,O15444
INFLAMMATION,P78423
INFLAMMATION,Q07011
INFLAMMATION,P20783
INFLAMMATION,O43508
INFLAMMATION,P78556
INFLAMMATION,P50225
INFLAMMATION,O95630
INFLAMMATION,P05113
INFLAMMATION,P00813
INFLAMMATION,P01374
INFLAMMATION,P09603
INFLAMMATION,Q8NFT8
INFLAMMATION,P01732
METABOLISM,Q9H6B4
METABOLISM,Q96JA1
METABOLISM,O95502
METABOLISM,P23526
METABOLISM,P52888
METABOLISM,P43234
METABOLISM,Q96LA6
METABOLISM,Q04900
METABOLISM,P20711
METABOLISM,Q9NPH0
METABOLISM,Q03403
METABOLISM,P25815
METABOLISM,O15123
METABOLISM,Q9Y5K6
METABOLISM,O43827
METABOLISM,Q9NY25
METABOLISM,Q9GZM7
METABOLISM,P35754
METABOLISM,P09104
METABOLISM,O95544
METABOLISM,Q9UBU3
METABOLISM,P50452
METABOLISM,P35237
METABOLISM,Q9HBB8
METABOLISM,Q76M96
METABOLISM,Q9NR28
METABOLISM,Q8N1Q1
METABOLISM,Q13275
METABOLISM,O43240
METABOLISM,Q9UKJ0
METABOLISM,O95841
METABOLISM,P51693
METABOLISM,Q8IZP9
METABOLISM,P19971
METABOLISM,O75791
METABOLISM,A6NI73
METABOLISM,P00352
METABOLISM,P40259
METABOLISM,P09525
METABOLISM,P50995
METABOLISM,Q9Y286
METABOLISM,P26010
METABOLISM,P09417
METABOLISM,O00161
METABOLISM,P27695
METABOLISM,O75356
METABOLISM,Q9H4D0
METABOLISM,P21964
METABOLISM,Q15846
METABOLISM,P51858
METABOLISM,Q6WN34
METABOLISM,P09668
METABOLISM,Q15155
METABOLISM,P16083
METABOLISM,Q9BQB4
METABOLISM,Q92520
METABOLISM,Q8NBS9
METABOLISM,P41236
METABOLISM,Q9UHL4
METABOLISM,Q86VZ4
METABOLISM,Q9UHX3
METABOLISM,Q6UWV6
METABOLISM,Q8WTU2
METABOLISM,Q8NI22
METABOLISM,Q9BYZ8
METABOLISM,Q8NBJ7
METABOLISM,Q8WVQ1
METABOLISM,P29017
METABOLISM,P22466
METABOLISM,P19022
METABOLISM,Q06418
METABOLISM,P46109
METABOLISM,Q8WX77
METABOLISM,Q9BZR6
METABOLISM,P13611
METABOLISM,P09467
METABOLISM,P01222
METABOLISM,P46379
METABOLISM,Q92692
METABOLISM,P05089
METABOLISM,P40818
METABOLISM,Q02790
METABOLISM,P31431
METABOLISM,Q9NWQ8
METABOLISM,Q16773
METABOLISM,P98082
METABOLISM,Q9NQX5
METABOLISM,Q641Q3
METABOLISM,Q16820
METABOLISM,Q01973
METABOLISM,P12724
NEURO EXPLORATORY,Q8IU54
NEURO EXPLORATORY,P23588
NEURO EXPLORATORY,P78560
NEURO EXPLORATORY,P13385
NEURO EXPLORATORY,P42892
NEURO EXPLORATORY,P41208
NEURO EXPLORATORY,P55291
NEURO EXPLORATORY,Q9H4F8
NEURO EXPLORATORY,P14207
NEURO EXPLORATORY,Q86Z14
NEURO EXPLORATORY,Q12864
NEURO EXPLORATORY,Q14956
NEURO EXPLORATORY,Q10589
NEURO EXPLORATORY,P18031
NEURO EXPLORATORY,P37108
NEURO EXPLORATORY,Q16864
NEURO EXPLORATORY,Q9H477
NEURO EXPLORATORY,Q9Y680
NEURO EXPLORATORY,Q9UJ72
NEURO EXPLORATORY,P09211
NEURO EXPLORATORY,P43628
NEURO EXPLORATORY,P23443
NEURO EXPLORATORY,O14944
NEURO EXPLORATORY,Q8IX05
NEURO EXPLORATORY,P29218
NEURO EXPLORATORY,P52943
NEURO EXPLORATORY,P11684
NEURO EXPLORATORY,Q16619
NEURO EXPLORATORY,P49789
NEURO EXPLORATORY,O94985
NEURO EXPLORATORY,P14625
NEURO EXPLORATORY,P48357
NEURO EXPLORATORY,P20138
NEURO EXPLORATORY,Q13444
NEURO EXPLORATORY,Q92597
NEURO EXPLORATORY,P40198
NEURO EXPLORATORY,P32456
NEURO EXPLORATORY,P21802
NEURO EXPLORATORY,P58417
NEURO EXPLORATORY,P41227
NEURO EXPLORATORY,P40933
NEURO EXPLORATORY,P32926
NEURO EXPLORATORY,Q8N474
NEURO EXPLORATORY,P13284
NEURO EXPLORATORY,P24071
NEURO EXPLORATORY,Q9NRG1
NEURO EXPLORATORY,O15496
NEURO EXPLORATORY,Q9UKS7
NEURO EXPLORATORY,Q969M7
NEURO EXPLORATORY,Q9H4A9
NEURO EXPLORATORY,Q99426
NEURO EXPLORATORY,P06748
NEURO EXPLORATORY,P07306
NEURO EXPLORATORY,Q5JZY3
NEURO EXPLORATORY,Q9Y5P4
NEURO EXPLORATORY,P11464
NEURO EXPLORATORY,Q06323
NEURO EXPLORATORY,Q6UWL6
NEURO EXPLORATORY,P09466
NEURO EXPLORATORY,Q9Y4X3
NEURO EXPLORATORY,Q9Y6D9
NEURO EXPLORATORY,Q96B36
NEURO EXPLORATORY,Q03393
NEURO EXPLORATORY,P24001
NEURO EXPLORATORY,Q9BYC5
NEURO EXPLORATORY,Q9BW30
NEURO EXPLORATORY,Q9UHV9
NEURO EXPLORATORY,Q9Y2V2
NEURO EXPLORATORY,Q6UX27
NEURO EXPLORATORY,O15263
NEURO EXPLORATORY,Q96IU4
NEURO EXPLORATORY,Q9BTE6
NEURO EXPLORATORY,Q8TCT1
NEURO EXPLORATORY,P51452
NEURO EXPLORATORY,Q96RJ3
NEURO EXPLORATORY,P07196
NEURO EXPLORATORY,P30519
NEURO EXPLORATORY,Q96EP0
NEURO EXPLORATORY,P16444
NEURO EXPLORATORY,O76070
NEURO EXPLORATORY,P26951
NEURO EXPLORATORY,P19801
NEURO EXPLORATORY,Q96EK5
NEURO EXPLORATORY,P63098
NEURO EXPLORATORY,Q9H0C8
NEURO EXPLORATORY,Q6UXK2
NEURO EXPLORATORY,Q9UK53
NEURO EXPLORATORY,Q15126
NEURO EXPLORATORY,O00308
NEURO EXPLORATORY,Q13451
NEURO EXPLORATORY,P36269
NEURO EXPLORATORY,P08962
NEUROLOGY,Q9HAN9
NEUROLOGY,O60462
NEUROLOGY,Q8N126
NEUROLOGY,P39905
NEUROLOGY,O95185
NEUROLOGY,Q2TAL6
NEUROLOGY,Q9Y336
NEUROLOGY,Q08708
NEUROLOGY,P15311
NEUROLOGY,Q9H3U7
NEUROLOGY,P41271
NEUROLOGY,P52798
NEUROLOGY,Q14108
NEUROLOGY,O14594
NEUROLOGY,Q2VWP7
NEUROLOGY,Q9HCK4
NEUROLOGY,O95727
NEUROLOGY,Q96B86
NEUROLOGY,Q9ULL4
NEUROLOGY,P48052
NEUROLOGY,P28907
NEUROLOGY,P17405
NEUROLOGY,P21757
NEUROLOGY,P30533
NEUROLOGY,Q92765
NEUROLOGY,O15197
NEUROLOGY,Q6NW40
NEUROLOGY,Q9BZZ2
NEUROLOGY,O94779
NEUROLOGY,Q9P0K1
NEUROLOGY,Q9P126
NEUROLOGY,O75077
NEUROLOGY,O15232
NEUROLOGY,Q2MKA7
NEUROLOGY,Q16775
NEUROLOGY,Q9BS40
NEUROLOGY,O00214
NEUROLOGY,Q96GW7
NEUROLOGY,Q6UX15
NEUROLOGY,P08473
NEUROLOGY,O14793
NEUROLOGY,P04216
NEUROLOGY,Q96NZ8
NEUROLOGY,Q9H3S3
NEUROLOGY,P22223
NEUROLOGY,P56159
NEUROLOGY,P15509
NEUROLOGY,P01138
NEUROLOGY,Q6ZMJ2
NEUROLOGY,P41217
NEUROLOGY,Q16620
NEUROLOGY,P12544
NEUROLOGY,P09919
NEUROLOGY,Q8NBI3
NEUROLOGY,Q96GP6
NEUROLOGY,O60609
NEUROLOGY,P15151
NEUROLOGY,Q9NP84
NEUROLOGY,P37023
NEUROLOGY,O43155
NEUROLOGY,P14384
NEUROLOGY,Q8IUN9
NEUROLOGY,P78333
NEUROLOGY,P12644
NEUROLOGY,Q96LA5
NEUROLOGY,Q8NFP4
NEUROLOGY,Q01344
NEUROLOGY,P16234
NEUROLOGY,P53634
NEUROLOGY,P55285
NEUROLOGY,Q08345
NEUROLOGY,P57087
NEUROLOGY,P25774
NEUROLOGY,Q9NR71
NEUROLOGY,Q02083
NEUROLOGY,Q9BZM5
NEUROLOGY,O43157
NEUROLOGY,O75509
NEUROLOGY,Q8TDQ1
NEUROLOGY,Q08629
NEUROLOGY,P29460
NEUROLOGY,P29459
NEUROLOGY,Q9UBT3
NEUROLOGY,Q9HAV5
NEUROLOGY,O43561
NEUROLOGY,Q16288
NEUROLOGY,Q6ISS4
NEUROLOGY,P55145
NEUROLOGY,Q92752
NEUROLOGY,Q8TD46
NEUROLOGY,Q92823
NEUROLOGY,Q16719
NEUROLOGY,P10636
ONCOLOGY II,P40222
ONCOLOGY II,P15692
ONCOLOGY II,P16870
ONCOLOGY II,Q9UKR3
ONCOLOGY II,P13688
ONCOLOGY II,Q13421
ONCOLOGY II,O75888
ONCOLOGY II,P01133
ONCOLOGY II,O95407
ONCOLOGY II,P18827
ONCOLOGY II,P37173
ONCOLOGY II,P05231
ONCOLOGY II,P09326
ONCOLOGY II,O14828
ONCOLOGY II,Q9HBG7
ONCOLOGY II,P15260
ONCOLOGY II,P06756
ONCOLOGY II,P50591
ONCOLOGY II,Q9UBX7
ONCOLOGY II,P35052
ONCOLOGY II,P48307
ONCOLOGY II,O60259
ONCOLOGY II,P35968
ONCOLOGY II,O95274
ONCOLOGY II,O00592
ONCOLOGY II,P26447
ONCOLOGY II,P08069
ONCOLOGY II,P04626
ONCOLOGY II,P21860
ONCOLOGY II,P21583
ONCOLOGY II,P09486
ONCOLOGY II,P20718
ONCOLOGY II,P01135
ONCOLOGY II,P09958
ONCOLOGY II,O00622
ONCOLOGY II,Q9P0G3
ONCOLOGY II,Q13158
ONCOLOGY II,P50579
ONCOLOGY II,Q96NY8
ONCOLOGY II,P48023
ONCOLOGY II,P29317
ONCOLOGY II,P18084
ONCOLOGY II,P09382
ONCOLOGY II,Q9BYH1
ONCOLOGY II,Q16790
ONCOLOGY II,Q16674
ONCOLOGY II,O60911
ONCOLOGY II,P26842
ONCOLOGY II,O43895
ONCOLOGY II,Q15303
ONCOLOGY II,P14210
ONCOLOGY II,P78325
ONCOLOGY II,P21589
ONCOLOGY II,P38936
ONCOLOGY II,O00548
ONCOLOGY II,P21741
ONCOLOGY II,P00519
ONCOLOGY II,Q14512
ONCOLOGY II,O15455
ONCOLOGY II,P07948
ONCOLOGY II,P07949
ONCOLOGY II,P08670
ONCOLOGY II,Q9NS68
ONCOLOGY II,Q9UBG3
ONCOLOGY II,P56279
ONCOLOGY II,O95971
ONCOLOGY II,P43489
ONCOLOGY II,Q29983
ONCOLOGY II,Q29980
ONCOLOGY II,O95388
ONCOLOGY II,Q6UXB2
ONCOLOGY II,P01298
ONCOLOGY II,P31949
ONCOLOGY II,P15514
ONCOLOGY II,Q9NQ30
ONCOLOGY II,Q9UJ71
ONCOLOGY II,O75144
ONCOLOGY II,Q14508
ONCOLOGY II,O43927
ONCOLOGY II,Q99717
ONCOLOGY II,Q8TE58
ONCOLOGY II,P32970
ONCOLOGY II,Q9BXY4
ONCOLOGY II,P41439
ONCOLOGY II,P06731
ONCOLOGY II,P35916
ONCOLOGY II,Q8WXI7
ONCOLOGY II,Q9Y5W5
ONCOLOGY II,P10144
ONCOLOGY II,Q6BAA4
ONCOLOGY II,P04083
ONCOLOGY II,P15328
ONCOLOGY II,Q14956
ORGAN DAMAGE,Q9HAW4
ORGAN DAMAGE,Q86SJ6
ORGAN DAMAGE,Q07954
ORGAN DAMAGE,Q8NC01
ORGAN DAMAGE,P49023
ORGAN DAMAGE,Q15797
ORGAN DAMAGE,P30838
ORGAN DAMAGE,P48730
ORGAN DAMAGE,Q02880
ORGAN DAMAGE,Q9BXJ7
ORGAN DAMAGE,Q03426
ORGAN DAMAGE,Q9Y653
ORGAN DAMAGE,Q9NQ88
ORGAN DAMAGE,Q8N8S7
ORGAN DAMAGE,P01588
ORGAN DAMAGE,Q9NRA1
ORGAN DAMAGE,O95994
ORGAN DAMAGE,Q9Y478
ORGAN DAMAGE,P42658
ORGAN DAMAGE,O95831
ORGAN DAMAGE,Q13145
ORGAN DAMAGE,P40121
ORGAN DAMAGE,P55957
ORGAN DAMAGE,P80303
ORGAN DAMAGE,P29474
ORGAN DAMAGE,P19429
ORGAN DAMAGE,O00748
ORGAN DAMAGE,O15357
ORGAN DAMAGE,Q9NXA8
ORGAN DAMAGE,Q11201
ORGAN DAMAGE,P07332
ORGAN DAMAGE,P49767
ORGAN DAMAGE,Q9ULX7
ORGAN DAMAGE,Q9UKL0
ORGAN DAMAGE,P09960
ORGAN DAMAGE,O43854
ORGAN DAMAGE,Q12778
ORGAN DAMAGE,O43570
ORGAN DAMAGE,O60240
ORGAN DAMAGE,O75569
ORGAN DAMAGE,O75688
ORGAN DAMAGE,P07947
ORGAN DAMAGE,Q9Y5L3
ORGAN DAMAGE,Q9P0J1
ORGAN DAMAGE,Q7L8A9
ORGAN DAMAGE,Q9GZY6
ORGAN DAMAGE,Q96D42
ORGAN DAMAGE,Q9UNK0
ORGAN DAMAGE,Q96RT1
ORGAN DAMAGE,P20936
ORGAN DAMAGE,Q7L5Y9
ORGAN DAMAGE,Q86SR1
ORGAN DAMAGE,P35070
ORGAN DAMAGE,Q15165
ORGAN DAMAGE,Q9Y5V3
ORGAN DAMAGE,P23582
ORGAN DAMAGE,Q8NDB2
ORGAN DAMAGE,Q8IUK5
ORGAN DAMAGE,O60934
ORGAN DAMAGE,P61244
ORGAN DAMAGE,O75354
ORGAN DAMAGE,Q9Y4K4
ORGAN DAMAGE,O14713
ORGAN DAMAGE,Q9Y5A7
ORGAN DAMAGE,P49788
ORGAN DAMAGE,P50749
ORGAN DAMAGE,P01258
ORGAN DAMAGE,P06850
ORGAN DAMAGE,P53582
ORGAN DAMAGE,Q15116
ORGAN DAMAGE,P21246
ORGAN DAMAGE,Q86WD7
ORGAN DAMAGE,O75787
ORGAN DAMAGE,P19878
ORGAN DAMAGE,P09769
ORGAN DAMAGE,P25786
ORGAN DAMAGE,O60760
ORGAN DAMAGE,O00186
ORGAN DAMAGE,P68106
ORGAN DAMAGE,Q02246
ORGAN DAMAGE,P42768
ORGAN DAMAGE,Q12913
ORGAN DAMAGE,Q7LG56
ORGAN DAMAGE,Q13308
ORGAN DAMAGE,P20472
ORGAN DAMAGE,Q9UHF1
ORGAN DAMAGE,Q0Z7S8
ORGAN DAMAGE,P98073
ORGAN DAMAGE,P01229
ORGAN DAMAGE,P53539
ORGAN DAMAGE,P27797
ORGAN DAMAGE,P49763
